Time,X,Y,Z,Vx,Vy,Vz,dVel_X,dVel_Y,dVel_Z,Alt(m)
     1.000,-2898223.01,4027640.48,3994030.69,    -10.31,      4.23,      7.68,    -10.31,   4.23464,   7.68321,     58.28
     2.000,-2898250.63,4027649.17,3994049.56,    -21.85,      7.21,     15.14,    -11.54,   2.97611,   7.45338,     88.17
     3.000,-2898287.50,4027664.35,3994077.06,    -31.86,     12.52,     23.38,    -10.01,   5.30697,   8.24089,    131.78
     4.000,-2898332.32,4027687.94,3994113.84,    -40.50,     19.90,     32.32,     -8.64,   7.38467,   8.93850,    190.16
     5.000,-2898385.40,4027719.63,3994159.84,    -48.89,     27.76,     41.44,     -8.38,   7.86052,   9.12520,    263.20
     6.000,-2898449.88,4027756.05,3994214.34,    -59.28,     33.53,     50.15,    -10.39,   5.77023,   8.70512,    349.74
     7.000,-2898527.15,4027795.86,3994277.13,    -71.27,     37.72,     58.57,    -11.99,   4.18478,   8.42422,    449.44
     8.000,-2898618.15,4027838.18,3994348.05,    -84.42,     40.78,     66.81,    -13.15,   3.06362,   8.23535,    562.07
     9.000,-2898723.68,4027882.19,3994426.97,    -98.50,     42.94,     74.88,    -14.07,   2.15500,   8.07574,    687.40
    10.000,-2898844.53,4027927.07,3994513.71,   -113.40,     44.23,     82.79,    -14.90,   1.29752,   7.90467,    825.16
    11.000,-2898981.45,4027971.94,3994608.05,   -129.08,     44.66,     90.49,    -15.69,   0.42454,   7.70294,    974.99
    12.000,-2899135.20,4028015.87,3994709.73,   -145.52,     44.17,     97.95,    -16.44,  -0.48521,   7.46283,   1136.49
    13.000,-2899306.47,4028057.89,3994818.45,   -162.69,     42.74,    105.13,    -17.17,  -1.43718,   7.18102,   1309.17
    14.000,-2899495.96,4028096.98,3994933.87,   -180.55,     40.30,    111.99,    -17.86,  -2.43212,   6.85564,   1492.49
    15.000,-2899704.29,4028132.08,3995055.59,   -199.07,     36.83,    118.47,    -18.52,  -3.46939,   6.48529,   1685.81
    16.000,-2899932.06,4028162.09,3995183.17,   -218.21,     32.29,    124.54,    -19.13,  -4.54773,   6.06882,   1888.44
    17.000,-2900179.82,4028185.88,3995316.12,   -237.91,     26.62,    130.15,    -19.71,  -5.66549,   5.60529,   2099.62
    18.000,-2900448.07,4028202.27,3995453.90,   -258.14,     19.80,    135.24,    -20.23,  -6.82063,   5.09395,   2318.48
    19.000,-2900737.25,4028210.06,3995595.95,   -278.83,     11.79,    139.78,    -20.69,  -8.01077,   4.53425,   2544.10
    20.000,-2901045.93,4028214.18,3995744.81,   -298.73,      6.68,    145.83,    -19.90,  -5.11348,   6.05441,   2780.56
    21.000,-2901374.96,4028212.47,3995899.46,   -318.93,      1.09,    151.71,    -20.20,  -5.58878,   5.87993,   3026.25
    22.000,-2901724.67,4028204.48,3996059.76,   -339.45,     -4.96,    157.44,    -20.53,  -6.05090,   5.72774,   3280.94
    23.000,-2902095.45,4028189.76,3996225.59,   -360.33,    -11.47,    163.03,    -20.88,  -6.50270,   5.59444,   3544.45
    24.000,-2902487.63,4028167.88,3996396.82,   -381.56,    -18.41,    168.50,    -21.23,  -6.94574,   5.46700,   3816.58
    25.000,-2902901.57,4028138.40,3996573.34,   -403.15,    -25.79,    173.85,    -21.59,  -7.38102,   5.34600,   4097.15
    26.000,-2903337.65,4028100.89,3996755.04,   -425.10,    -33.60,    179.08,    -21.95,  -7.80959,   5.23203,   4385.99
    27.000,-2903796.24,4028054.94,3996941.80,   -447.43,    -41.83,    184.20,    -22.32,  -8.23253,   5.12559,   4682.96
    28.000,-2904277.72,4028000.13,3997133.55,   -470.13,    -50.49,    189.23,    -22.70,  -8.65099,   5.02720,   4987.90
    29.000,-2904782.50,4027936.04,3997330.18,   -493.23,    -59.55,    194.17,    -23.10,  -9.06616,   4.93732,   5300.70
    30.000,-2905311.00,4027862.27,3997531.63,   -516.74,    -69.03,    199.02,    -23.51,  -9.47927,   4.85641,   5621.23
    31.000,-2905863.66,4027778.40,3997737.84,   -540.69,    -78.92,    203.81,    -23.95,  -9.89162,   4.78488,   5949.41
    32.000,-2906440.95,4027684.02,3997948.73,   -565.09,    -89.23,    208.53,    -24.40, -10.30453,   4.72315,   6285.16
    33.000,-2907043.36,4027578.72,3998164.27,   -589.97,    -99.95,    213.20,    -24.88, -10.71940,   4.67163,   6628.42
    34.000,-2907671.40,4027462.06,3998384.42,   -615.35,   -111.08,    217.83,    -25.38, -11.13765,   4.63070,   6979.13
    35.000,-2908325.64,4027333.64,3998609.16,   -641.27,   -122.65,    222.44,    -25.92, -11.56080,   4.60075,   7337.29
    36.000,-2909006.59,4027193.02,3998838.45,   -667.73,   -134.63,    227.00,    -26.45, -11.98330,   4.56934,   7702.84
    37.000,-2909714.73,4027039.80,3999072.23,   -694.67,   -147.02,    231.53,    -26.94, -12.39583,   4.52105,   8075.72
    38.000,-2910450.57,4026873.55,3999310.48,   -722.12,   -159.84,    236.01,    -27.45, -12.81239,   4.48125,   8455.88
    39.000,-2911214.66,4026693.87,3999553.16,   -750.10,   -173.07,    240.46,    -27.98, -13.23424,   4.45020,   8843.31
    40.000,-2912007.58,4026500.30,3999800.26,   -778.64,   -186.73,    244.89,    -28.55, -13.66268,   4.42822,   9237.99
    41.000,-2912829.93,4026292.42,4000051.77,   -807.79,   -200.83,    249.30,    -29.14, -14.09907,   4.41559,   9639.93
    42.000,-2913682.38,4026069.77,4000307.69,   -837.56,   -215.38,    253.71,    -29.77, -14.54484,   4.41264,  10049.15
    43.000,-2914565.58,4025831.89,4000568.03,   -867.99,   -230.38,    258.13,    -30.44, -15.00121,   4.41941,  10465.69
    44.000,-2915480.27,4025578.31,4000832.82,   -899.12,   -245.85,    262.57,    -31.13, -15.46800,   4.43432,  10889.61
    45.000,-2916427.20,4025308.54,4001102.08,   -930.99,   -261.80,    267.03,    -31.87, -15.94851,   4.45982,  11320.99
    46.000,-2917407.25,4025022.06,4001375.87,   -963.70,   -278.25,    271.54,    -32.70, -16.45675,   4.50887,  11759.93
    47.000,-2918421.30,4024718.34,4001654.25,   -997.27,   -295.23,    276.10,    -33.57, -16.98098,   4.56705,  12206.58
    48.000,-2919470.27,4024396.83,4001937.30,  -1031.74,   -312.75,    280.73,    -34.47, -17.51664,   4.62908,  12661.07
    49.000,-2920555.13,4024056.97,4002225.09,  -1067.15,   -330.82,    285.43,    -35.41, -18.07173,   4.70178,  13123.55
    50.000,-2921676.90,4023698.18,4002517.70,  -1103.57,   -349.47,    290.22,    -36.41, -18.64805,   4.78556,  13594.19
    51.000,-2922836.68,4023319.84,4002815.24,  -1141.04,   -368.72,    295.10,    -37.47, -19.24753,   4.88091,  14073.20
    52.000,-2924035.60,4022921.31,4003117.82,  -1179.63,   -388.59,    300.09,    -38.59, -19.87224,   4.98835,  14560.79
    53.000,-2925274.90,4022501.94,4003425.57,  -1219.41,   -409.11,    305.20,    -39.78, -20.52444,   5.10850,  15057.21
    54.000,-2926555.87,4022061.01,4003738.63,  -1260.45,   -430.32,    310.44,    -41.04, -21.20658,   5.24205,  15562.72
    55.000,-2927879.86,4021597.82,4004057.16,  -1302.81,   -452.24,    315.83,    -42.36, -21.91899,   5.38807,  16077.62
    56.000,-2929248.26,4021111.60,4004381.29,  -1346.54,   -474.89,    321.37,    -43.73, -22.65209,   5.53885,  16602.20
    57.000,-2930662.59,4020601.57,4004711.22,  -1391.73,   -498.32,    327.07,    -45.19, -23.42391,   5.70632,  17136.79
    58.000,-2932124.43,4020066.90,4005047.13,  -1438.47,   -522.55,    332.96,    -46.75, -24.23823,   5.89166,  17681.76
    59.000,-2933635.52,4019506.70,4005389.24,  -1486.88,   -547.65,    339.06,    -48.41, -25.09927,   6.09620,  18237.52
    60.000,-2935197.69,4018920.03,4005737.78,  -1537.07,   -573.66,    345.38,    -50.19, -26.01171,   6.32144,  18804.50
    61.000,-2936812.91,4018305.89,4006093.01,  -1589.17,   -600.65,    351.95,    -52.10, -26.98084,   6.56912,  19383.19
    62.000,-2938483.28,4017663.24,4006455.22,  -1643.30,   -628.65,    358.79,    -54.13, -28.00297,   6.83555,  19974.11
    63.000,-2940211.00,4016990.97,4006824.69,  -1699.58,   -657.73,    365.91,    -56.28, -29.08440,   7.12317,  20577.82
    64.000,-2941998.42,4016287.89,4007201.75,  -1758.15,   -687.96,    373.34,    -58.57, -30.22646,   7.43145,  21194.92
    65.000,-2943848.11,4015552.76,4007586.74,  -1819.18,   -719.41,    381.11,    -61.03, -31.44876,   7.76987,  21826.06
    66.000,-2945762.83,4014784.21,4007980.07,  -1882.87,   -752.17,    389.25,    -63.69, -32.76151,   8.14206,  22471.99
    67.000,-2947745.58,4013980.78,4008382.15,  -1949.45,   -786.35,    397.81,    -66.58, -34.17585,   8.55190,  23133.48
    68.000,-2949799.62,4013140.88,4008793.46,  -2019.18,   -822.05,    406.81,    -69.73, -35.70485,   9.00392,  23811.44
    69.000,-2951928.53,4012262.78,4009214.52,  -2092.33,   -859.41,    416.31,    -73.15, -37.36384,   9.50351,  24506.83
    70.000,-2954005.47,4011398.32,4009619.91,  -2082.07,   -862.78,    409.03,     10.26,  -3.36678,  -7.28704,  25177.70
    71.000,-2956072.99,4010530.17,4010018.19,  -2072.37,   -866.36,    401.87,      9.70,  -3.57657,  -7.16039,  25838.22
    72.000,-2958131.56,4009658.17,4010409.48,  -2063.17,   -870.12,    394.82,      9.20,  -3.76457,  -7.04845,  26488.52
    73.000,-2960181.60,4008782.15,4010793.88,  -2054.41,   -874.05,    387.87,      8.76,  -3.93332,  -6.94933,  27128.78
    74.000,-2962223.48,4007901.96,4011171.45,  -2046.06,   -878.14,    381.01,      8.36,  -4.08505,  -6.86140,  27759.10
    75.000,-2964257.53,4007017.49,4011542.28,  -2038.06,   -882.36,    374.22,      8.00,  -4.22167,  -6.78328,  28379.62
    76.000,-2966284.07,4006128.61,4011906.44,  -2030.38,   -886.71,    367.51,      7.68,  -4.34487,  -6.71376,  28990.43
    77.000,-2968303.35,4005235.22,4012263.97,  -2022.98,   -891.16,    360.86,      7.39,  -4.45613,  -6.65179,  29591.63
    78.000,-2970315.63,4004337.22,4012614.93,  -2015.84,   -895.72,    354.26,      7.14,  -4.55672,  -6.59647,  30183.30
    79.000,-2972321.12,4003434.53,4012959.37,  -2008.94,   -900.37,    347.71,      6.90,  -4.64829,  -6.54681,  30765.51
    80.000,-2974320.02,4002527.07,4013297.33,  -2002.25,   -905.10,    341.21,      6.69,  -4.73222,  -6.50199,  31338.34
    81.000,-2976312.52,4001614.75,4013628.85,  -1995.75,   -909.91,    334.75,      6.50,  -4.80817,  -6.46190,  31901.83
    82.000,-2978298.78,4000697.53,4013953.96,  -1989.42,   -914.79,    328.32,      6.33,  -4.87697,  -6.42599,  32456.05
    83.000,-2980278.95,3999775.34,4014272.69,  -1983.25,   -919.72,    321.93,      6.17,  -4.93938,  -6.39376,  33001.05
    84.000,-2982253.15,3998848.12,4014585.08,  -1977.22,   -924.72,    315.57,      6.03,  -4.99605,  -6.36479,  33536.86
    85.000,-2984221.52,3997915.83,4014891.13,  -1971.32,   -929.77,    309.23,      5.90,  -5.04757,  -6.33872,  34063.52
    86.000,-2986184.15,3996978.42,4015190.89,  -1965.53,   -934.86,    302.91,      5.79,  -5.09444,  -6.31522,  34581.08
    87.000,-2988141.15,3996035.85,4015484.36,  -1959.84,   -940.00,    296.62,      5.68,  -5.13713,  -6.29401,  35089.56
    88.000,-2990092.62,3995088.08,4015771.56,  -1954.26,   -945.18,    290.34,      5.59,  -5.17605,  -6.27483,  35589.00
    89.000,-2992038.62,3994135.09,4016052.52,  -1948.75,   -950.39,    284.09,      5.50,  -5.21154,  -6.25746,  36079.41
    90.000,-2993979.24,3993176.84,4016327.24,  -1943.33,   -955.63,    277.84,      5.42,  -5.24395,  -6.24171,  36560.82
    91.000,-2995914.54,3992213.30,4016595.74,  -1937.98,   -960.90,    271.62,      5.35,  -5.27356,  -6.22741,  37033.26
    92.000,-2997844.59,3991244.44,4016858.04,  -1932.69,   -966.21,    265.40,      5.29,  -5.30062,  -6.21441,  37496.74
    93.000,-2999769.45,3990270.25,4017114.14,  -1927.47,   -971.53,    259.20,      5.23,  -5.32537,  -6.20257,  37951.28
    94.000,-3001689.16,3989290.70,4017364.05,  -1922.30,   -976.88,    253.01,      5.17,  -5.34803,  -6.19177,  38396.90
    95.000,-3003603.77,3988305.76,4017607.78,  -1917.17,   -982.25,    246.83,      5.12,  -5.36877,  -6.18191,  38833.61
    96.000,-3005513.33,3987315.43,4017845.35,  -1912.10,   -987.64,    240.65,      5.08,  -5.38776,  -6.17289,  39261.43
    97.000,-3007417.88,3986319.69,4018076.75,  -1907.06,   -993.04,    234.49,      5.03,  -5.40517,  -6.16464,  39680.37
    98.000,-3009317.45,3985318.52,4018302.01,  -1902.07,   -998.46,    228.33,      5.00,  -5.42112,  -6.15706,  40090.43
    99.000,-3011212.07,3984311.90,4018521.11,  -1897.11,  -1003.90,    222.18,      4.96,  -5.43557,  -6.15015,  40491.64
   100.000,-3013101.79,3983299.83,4018734.08,  -1892.18,  -1009.35,    216.04,      4.93,  -5.44827,  -6.14390,  40883.99
   101.000,-3014986.61,3982282.30,4018940.91,  -1887.28,  -1014.81,    209.90,      4.90,  -5.45997,  -6.13813,  41267.50
   102.000,-3016866.57,3981259.29,4019141.61,  -1882.40,  -1020.28,    203.77,      4.87,  -5.47073,  -6.13279,  41642.18
   103.000,-3018741.70,3980230.79,4019336.18,  -1877.55,  -1025.76,    197.64,      4.85,  -5.48063,  -6.12785,  42008.03
   104.000,-3020612.01,3979196.80,4019524.63,  -1872.72,  -1031.25,    191.51,      4.83,  -5.48974,  -6.12326,  42365.06
   105.000,-3022477.52,3978157.31,4019706.97,  -1867.91,  -1036.74,    185.40,      4.81,  -5.49811,  -6.11899,  42713.28
   106.000,-3024338.25,3977112.30,4019883.19,  -1863.13,  -1042.25,    179.28,      4.79,  -5.50581,  -6.11503,  43052.69
   107.000,-3026194.22,3976061.78,4020053.31,  -1858.36,  -1047.76,    173.17,      4.77,  -5.51287,  -6.11134,  43383.30
   108.000,-3028045.45,3975005.74,4020217.31,  -1853.60,  -1053.28,    167.06,      4.75,  -5.51936,  -6.10790,  43705.11
   109.000,-3029891.94,3973944.17,4020375.22,  -1848.86,  -1058.81,    160.96,      4.74,  -5.52530,  -6.10469,  44018.13
   110.000,-3031733.71,3972877.07,4020527.02,  -1844.14,  -1064.34,    154.86,      4.73,  -5.53074,  -6.10169,  44322.36
   111.000,-3033570.78,3971804.42,4020672.73,  -1839.42,  -1069.87,    148.76,      4.71,  -5.53572,  -6.09888,  44617.80
   112.000,-3035403.15,3970726.24,4020812.34,  -1834.72,  -1075.41,    142.66,      4.70,  -5.54026,  -6.09625,  44904.47
   113.000,-3037230.84,3969642.51,4020945.86,  -1830.03,  -1080.96,    136.57,      4.69,  -5.54440,  -6.09379,  45182.36
   114.000,-3039053.85,3968553.23,4021073.29,  -1825.35,  -1086.51,    130.47,      4.68,  -5.54816,  -6.09147,  45451.47
   115.000,-3040872.20,3967458.39,4021194.63,  -1820.68,  -1092.06,    124.39,      4.67,  -5.55158,  -6.08930,  45711.82
   116.000,-3042685.89,3966358.00,4021309.88,  -1816.02,  -1097.61,    118.30,      4.66,  -5.55466,  -6.08725,  45963.40
   117.000,-3044494.93,3965252.05,4021419.05,  -1811.37,  -1103.17,    112.21,      4.65,  -5.55745,  -6.08532,  46206.21
   118.000,-3046299.33,3964140.54,4021522.14,  -1806.72,  -1108.73,    106.13,      4.65,  -5.55994,  -6.08351,  46440.26
   119.000,-3048099.09,3963023.47,4021619.15,  -1802.08,  -1114.29,    100.05,      4.64,  -5.56218,  -6.08179,  46665.55
   120.000,-3049894.22,3961900.83,4021710.08,  -1797.45,  -1119.86,     93.97,      4.63,  -5.56416,  -6.08017,  46882.09
   121.000,-3051684.72,3960772.62,4021794.93,  -1792.82,  -1125.42,     87.89,      4.63,  -5.56590,  -6.07863,  47089.87
   122.000,-3053470.60,3959638.85,4021873.70,  -1788.19,  -1130.99,     81.81,      4.62,  -5.56743,  -6.07718,  47288.90
   123.000,-3055251.87,3958499.50,4021946.40,  -1783.58,  -1136.56,     75.74,      4.62,  -5.56874,  -6.07580,  47479.17
   124.000,-3057028.53,3957354.59,4022013.02,  -1778.96,  -1142.13,     69.66,      4.61,  -5.56987,  -6.07449,  47660.70
   125.000,-3058800.57,3956204.10,4022073.57,  -1774.35,  -1147.70,     63.59,      4.61,  -5.57080,  -6.07325,  47833.48
   126.000,-3060568.01,3955048.05,4022128.05,  -1769.74,  -1153.27,     57.52,      4.61,  -5.57156,  -6.07207,  47997.51
   127.000,-3062330.85,3953886.42,4022176.46,  -1765.14,  -1158.84,     51.44,      4.60,  -5.57216,  -6.07094,  48152.80
   128.000,-3064089.09,3952719.21,4022218.80,  -1760.54,  -1164.42,     45.38,      4.60,  -5.57260,  -6.06987,  48299.34
   129.000,-3065842.73,3951546.44,4022255.07,  -1755.94,  -1169.99,     39.31,      4.60,  -5.57289,  -6.06884,  48437.14
   130.000,-3067591.77,3950368.09,4022285.28,  -1751.34,  -1175.56,     33.24,      4.60,  -5.57303,  -6.06787,  48566.20
   131.000,-3069336.22,3949184.17,4022309.42,  -1746.75,  -1181.14,     27.17,      4.59,  -5.57304,  -6.06693,  48686.52
   132.000,-3071076.08,3947994.67,4022327.49,  -1742.15,  -1186.71,     21.11,      4.59,  -5.57291,  -6.06604,  48798.11
   133.000,-3072811.34,3946799.61,4022339.50,  -1737.56,  -1192.28,     15.04,      4.59,  -5.57266,  -6.06518,  48900.95
   134.000,-3074542.02,3945598.97,4022345.44,  -1732.97,  -1197.85,      8.98,      4.59,  -5.57229,  -6.06436,  48995.06
   135.000,-3076268.11,3944392.76,4022345.32,  -1728.38,  -1203.42,      2.91,      4.59,  -5.57180,  -6.06357,  49080.43
   136.000,-3077989.60,3943180.98,4022339.14,  -1723.79,  -1209.00,     -3.15,      4.59,  -5.57119,  -6.06281,  49157.07
   137.000,-3079706.51,3941963.62,4022326.89,  -1719.20,  -1214.57,     -9.21,      4.59,  -5.57047,  -6.06207,  49224.98
   138.000,-3081418.83,3940740.70,4022308.59,  -1714.61,  -1220.14,    -15.27,      4.59,  -5.56964,  -6.06137,  49284.15
   139.000,-3083126.56,3939512.21,4022284.23,  -1710.02,  -1225.70,    -21.33,      4.59,  -5.56870,  -6.06069,  49334.59
   140.000,-3084829.69,3938278.16,4022253.80,  -1705.43,  -1231.27,    -27.39,      4.59,  -5.56766,  -6.06002,  49376.30
   141.000,-3086528.24,3937038.53,4022217.32,  -1700.84,  -1236.84,    -33.45,      4.59,  -5.56651,  -6.05938,  49409.27
   142.000,-3088222.20,3935793.35,4022174.77,  -1696.25,  -1242.40,    -39.51,      4.59,  -5.56525,  -6.05876,  49433.52
   143.000,-3089911.57,3934542.60,4022126.17,  -1691.66,  -1247.97,    -45.57,      4.59,  -5.56389,  -6.05815,  49449.04
   144.000,-3091596.34,3933286.29,4022071.52,  -1687.07,  -1253.53,    -51.63,      4.59,  -5.56242,  -6.05756,  49455.83
   145.000,-3093276.52,3932024.41,4022010.80,  -1682.48,  -1259.09,    -57.69,      4.59,  -5.56085,  -6.05698,  49453.89
   146.000,-3094952.11,3930756.98,4021944.03,  -1677.88,  -1264.65,    -63.74,      4.59,  -5.55917,  -6.05641,  49443.22
   147.000,-3096623.09,3929484.00,4021871.21,  -1673.28,  -1270.21,    -69.80,      4.60,  -5.55738,  -6.05585,  49423.82
   148.000,-3098289.48,3928205.46,4021792.33,  -1668.69,  -1275.76,    -75.85,      4.60,  -5.55547,  -6.05530,  49395.70
   149.000,-3099951.27,3926921.36,4021707.39,  -1664.09,  -1281.32,    -81.91,      4.60,  -5.55346,  -6.05476,  49358.85
   150.000,-3101608.45,3925631.72,4021616.40,  -1659.48,  -1286.87,    -87.96,      4.60,  -5.55132,  -6.05421,  49313.28
   151.000,-3103261.03,3924336.53,4021519.36,  -1654.88,  -1292.42,    -94.02,      4.60,  -5.54907,  -6.05367,  49258.98
   152.000,-3104908.99,3923035.79,4021416.27,  -1650.27,  -1297.96,   -100.07,      4.61,  -5.54669,  -6.05313,  49195.95
   153.000,-3106552.35,3921729.51,4021307.12,  -1645.66,  -1303.51,   -106.12,      4.61,  -5.54417,  -6.05258,  49124.20
   154.000,-3108191.10,3920417.69,4021191.92,  -1641.05,  -1309.05,   -112.17,      4.61,  -5.54153,  -6.05203,  49043.73
   155.000,-3109825.22,3919100.33,4021070.67,  -1636.43,  -1314.59,   -118.22,      4.62,  -5.53874,  -6.05148,  48954.53
   156.000,-3111454.73,3917777.44,4020943.37,  -1631.82,  -1320.12,   -124.28,      4.62,  -5.53581,  -6.05091,  48856.61
   157.000,-3113079.61,3916449.01,4020810.01,  -1627.19,  -1325.66,   -130.33,      4.62,  -5.53272,  -6.05033,  48749.97
   158.000,-3114699.87,3915115.06,4020670.61,  -1622.57,  -1331.19,   -136.38,      4.63,  -5.52946,  -6.04974,  48634.61
   159.000,-3116315.49,3913775.59,4020525.16,  -1617.94,  -1336.71,   -142.42,      4.63,  -5.52604,  -6.04912,  48510.52
   160.000,-3117926.48,3912430.59,4020373.67,  -1613.31,  -1342.23,   -148.47,      4.63,  -5.52243,  -6.04849,  48377.71
   161.000,-3119532.83,3911080.08,4020216.12,  -1608.67,  -1347.75,   -154.52,      4.64,  -5.51863,  -6.04783,  48236.18
   162.000,-3121134.53,3909724.05,4020052.53,  -1604.03,  -1353.27,   -160.57,      4.64,  -5.51463,  -6.04715,  48085.93
   163.000,-3122731.59,3908362.52,4019882.89,  -1599.38,  -1358.78,   -166.61,      4.65,  -5.51040,  -6.04643,  47926.97
   164.000,-3124323.99,3906995.48,4019707.21,  -1594.73,  -1364.28,   -172.66,      4.65,  -5.50595,  -6.04567,  47759.28
   165.000,-3125911.73,3905622.95,4019525.48,  -1590.07,  -1369.79,   -178.71,      4.66,  -5.50126,  -6.04487,  47582.87
   166.000,-3127494.80,3904244.92,4019337.71,  -1585.41,  -1375.28,   -184.75,      4.66,  -5.49630,  -6.04403,  47397.75
   167.000,-3129073.20,3902861.40,4019143.89,  -1580.74,  -1380.77,   -190.79,      4.67,  -5.49106,  -6.04314,  47203.91
   168.000,-3130646.93,3901472.40,4018944.04,  -1576.06,  -1386.26,   -196.83,      4.68,  -5.48552,  -6.04219,  47001.36
   169.000,-3132215.97,3900077.92,4018738.14,  -1571.38,  -1391.74,   -202.88,      4.68,  -5.47967,  -6.04117,  46790.08
   170.000,-3133780.32,3898677.97,4018526.21,  -1566.69,  -1397.21,   -208.92,      4.69,  -5.47347,  -6.04009,  46570.10
   171.000,-3135339.96,3897272.56,4018308.23,  -1562.00,  -1402.68,   -214.95,      4.70,  -5.46690,  -6.03893,  46341.40
   172.000,-3136894.91,3895861.69,4018084.22,  -1557.29,  -1408.14,   -220.99,      4.70,  -5.45993,  -6.03768,  46103.99
   173.000,-3138445.13,3894445.37,4017854.17,  -1552.58,  -1413.59,   -227.03,      4.71,  -5.45254,  -6.03634,  45857.87
   174.000,-3139990.63,3893023.61,4017618.09,  -1547.86,  -1419.04,   -233.06,      4.72,  -5.44470,  -6.03489,  45603.04
   175.000,-3141531.40,3891596.42,4017375.98,  -1543.13,  -1424.47,   -239.10,      4.73,  -5.43636,  -6.03333,  45339.51
   176.000,-3143067.43,3890163.81,4017127.83,  -1538.39,  -1429.90,   -245.13,      4.74,  -5.42749,  -6.03165,  45067.27
   177.000,-3144598.70,3888725.78,4016873.66,  -1533.65,  -1435.32,   -251.16,      4.75,  -5.41805,  -6.02982,  44786.32
   178.000,-3146125.21,3887282.35,4016613.46,  -1528.89,  -1440.73,   -257.19,      4.76,  -5.40798,  -6.02784,  44496.67
   179.000,-3147646.94,3885833.53,4016347.23,  -1524.12,  -1446.12,   -263.21,      4.77,  -5.39726,  -6.02570,  44198.33
   180.000,-3149163.89,3884379.33,4016074.99,  -1519.34,  -1451.51,   -269.24,      4.78,  -5.38581,  -6.02338,  43891.28
   181.000,-3150676.03,3882919.76,4015796.72,  -1514.54,  -1456.88,   -275.26,      4.79,  -5.37358,  -6.02085,  43575.54
   182.000,-3152183.36,3881454.84,4015512.44,  -1509.73,  -1462.24,   -281.27,      4.81,  -5.36050,  -6.01810,  43251.11
   183.000,-3153685.86,3879984.57,4015222.14,  -1504.91,  -1467.59,   -287.29,      4.82,  -5.34651,  -6.01511,  42917.99
   184.000,-3155183.52,3878508.99,4014925.83,  -1500.07,  -1472.92,   -293.30,      4.84,  -5.33153,  -6.01185,  42576.19
   185.000,-3156676.31,3877028.09,4014623.52,  -1495.22,  -1478.24,   -299.31,      4.85,  -5.31547,  -6.00830,  42225.71
   186.000,-3158164.23,3875541.91,4014315.20,  -1490.35,  -1483.53,   -305.31,      4.87,  -5.29825,  -6.00443,  41866.55
   187.000,-3159647.25,3874050.46,4014000.89,  -1485.46,  -1488.81,   -311.31,      4.89,  -5.27975,  -6.00021,  41498.72
   188.000,-3161125.35,3872553.75,4013680.58,  -1480.56,  -1494.07,   -317.31,      4.91,  -5.25988,  -5.99560,  41122.22
   189.000,-3162598.52,3871051.82,4013354.28,  -1475.63,  -1499.31,   -323.30,      4.93,  -5.23851,  -5.99056,  40737.06
   190.000,-3164066.72,3869544.68,4013022.00,  -1470.68,  -1504.53,   -329.29,      4.95,  -5.21550,  -5.98506,  40343.25
   191.000,-3165529.95,3868032.37,4012683.75,  -1465.71,  -1509.72,   -335.26,      4.97,  -5.19073,  -5.97905,  39940.80
   192.000,-3166988.16,3866514.90,4012339.53,  -1460.71,  -1514.88,   -341.24,      5.00,  -5.16386,  -5.97243,  39529.70
   193.000,-3168441.33,3864992.32,4011989.34,  -1455.68,  -1520.02,   -347.20,      5.03,  -5.13387,  -5.96496,  39109.98
   194.000,-3169889.43,3863464.65,4011633.20,  -1450.63,  -1525.12,   -353.16,      5.06,  -5.10137,  -5.95676,  38681.63
   195.000,-3171332.42,3861931.93,4011271.12,  -1445.54,  -1530.18,   -359.11,      5.09,  -5.06613,  -5.94774,  38244.68
   196.000,-3172770.28,3860394.21,4010903.11,  -1440.42,  -1535.21,   -365.04,      5.12,  -5.02787,  -5.93782,  37799.13
   197.000,-3174202.95,3858851.52,4010529.18,  -1435.26,  -1540.20,   -370.97,      5.16,  -4.98631,  -5.92690,  37345.00
   198.000,-3175630.41,3857303.91,4010149.33,  -1430.06,  -1545.14,   -376.89,      5.20,  -4.94112,  -5.91487,  36882.30
   199.000,-3177052.60,3855751.43,4009763.59,  -1424.81,  -1550.03,   -382.79,      5.24,  -4.89194,  -5.90162,  36411.04
   200.000,-3178469.48,3854194.14,4009371.98,  -1419.52,  -1554.87,   -388.67,      5.29,  -4.83837,  -5.88701,  35931.26
   201.000,-3179880.99,3852632.10,4008974.49,  -1414.18,  -1559.65,   -394.55,      5.34,  -4.77997,  -5.87090,  35442.96
   202.000,-3181287.08,3851065.38,4008571.17,  -1408.79,  -1564.37,   -400.40,      5.40,  -4.71625,  -5.85312,  34946.17
   203.000,-3182687.68,3849494.04,4008162.02,  -1403.33,  -1569.01,   -406.23,      5.46,  -4.64667,  -5.83349,  34440.91
   204.000,-3184082.73,3847918.17,4007747.07,  -1397.81,  -1573.58,   -412.04,      5.52,  -4.57065,  -5.81180,  33927.22
   205.000,-3185472.16,3846337.86,4007326.34,  -1392.22,  -1578.07,   -417.83,      5.59,  -4.48750,  -5.78783,  33405.11
   206.000,-3186855.88,3844753.19,4006899.87,  -1386.56,  -1582.47,   -423.59,      5.67,  -4.39652,  -5.76133,  32874.63
   207.000,-3188233.81,3843164.28,4006467.68,  -1380.81,  -1586.76,   -429.33,      5.75,  -4.29687,  -5.73201,  32335.82
   208.000,-3189605.86,3841571.23,4006029.80,  -1374.97,  -1590.95,   -435.02,      5.84,  -4.18767,  -5.69956,  31788.71
   209.000,-3190971.93,3839974.18,4005586.28,  -1369.03,  -1595.02,   -440.69,      5.94,  -4.06793,  -5.66363,  31233.35
   210.000,-3192331.90,3838373.25,4005137.16,  -1362.99,  -1598.96,   -446.31,      6.04,  -3.93655,  -5.62383,  30669.79
   211.000,-3193685.66,3836768.61,4004682.48,  -1356.83,  -1602.75,   -451.89,      6.16,  -3.79231,  -5.57973,  30098.09
   212.000,-3195033.06,3835160.41,4004222.29,  -1350.55,  -1606.38,   -457.42,      6.28,  -3.63389,  -5.53085,  29518.32
   213.000,-3196373.98,3833548.84,4003756.65,  -1344.13,  -1609.84,   -462.90,      6.42,  -3.46125,  -5.47706,  28930.54
   214.000,-3197708.26,3831934.08,4003285.62,  -1337.56,  -1613.12,   -468.32,      6.57,  -3.27196,  -5.41756,  28334.83
   215.000,-3199035.73,3830316.37,4002809.28,  -1330.83,  -1616.18,   -473.67,      6.73,  -3.06400,  -5.35162,  27731.28
   216.000,-3200404.77,3828675.42,4002581.46,  -1356.31,  -1632.69,   -309.77,    -25.48, -16.51496, 163.89657,  27291.39
   217.000,-3201774.96,3827054.96,4002287.09,  -1365.57,  -1624.54,   -299.50,     -9.26,   8.15840,  10.27469,  26823.19
   218.000,-3203153.98,3825443.11,4002003.48,  -1374.54,  -1616.08,   -288.91,     -8.97,   8.45316,  10.59021,  26371.97
   219.000,-3204541.50,3823840.20,4001730.52,  -1383.19,  -1607.30,   -278.28,     -8.65,   8.78283,  10.63054,  25937.70
   220.000,-3205937.17,3822246.56,4001468.24,  -1391.51,  -1598.19,   -267.61,     -8.33,   9.11158,  10.66627,  25520.43
   221.000,-3207340.68,3820662.53,4001216.68,  -1399.51,  -1588.75,   -256.91,     -7.99,   9.43839,  10.69667,  25120.22
   222.000,-3208751.67,3819088.43,4000975.84,  -1407.16,  -1578.99,   -246.19,     -7.66,   9.76214,  10.72151,  24737.09
   223.000,-3210169.80,3817524.56,4000745.76,  -1414.48,  -1568.91,   -235.45,     -7.31,  10.08166,  10.74060,  24371.07
   224.000,-3211594.72,3815971.25,4000526.44,  -1421.44,  -1558.51,   -224.70,     -6.97,  10.39578,  10.75378,  24022.18
   225.000,-3213026.09,3814428.79,4000317.88,  -1428.06,  -1547.81,   -213.94,     -6.62,  10.70329,  10.76091,  23690.43
   226.000,-3214463.55,3812897.49,4000120.09,  -1434.32,  -1536.80,   -203.18,     -6.27,  11.00302,  10.76190,  23375.80
   227.000,-3215906.75,3811377.62,3999933.05,  -1440.24,  -1525.51,   -192.42,     -5.92,  11.29381,  10.75668,  23078.29
   228.000,-3217355.34,3809869.47,3999756.75,  -1445.81,  -1513.94,   -181.67,     -5.57,  11.57454,  10.74525,  22797.88
   229.000,-3218808.97,3808373.30,3999591.17,  -1451.03,  -1502.09,   -170.95,     -5.22,  11.84412,  10.72763,  22534.53
   230.000,-3220267.31,3806889.37,3999436.28,  -1455.90,  -1489.99,   -160.24,     -4.88,  12.10154,  10.70389,  22288.19
   231.000,-3221730.02,3805417.89,3999292.05,  -1460.44,  -1477.64,   -149.57,     -4.54,  12.34589,  10.67414,  22058.82
   232.000,-3223196.77,3803959.11,3999158.44,  -1464.65,  -1465.07,   -138.93,     -4.21,  12.57630,  10.63853,  21846.36
   233.000,-3224667.24,3802513.23,3999035.40,  -1468.53,  -1452.28,   -128.33,     -3.88,  12.79205,  10.59726,  21650.73
   234.000,-3226141.12,3801080.45,3998922.90,  -1472.10,  -1439.28,   -117.78,     -3.57,  12.99248,  10.55056,  21471.86
   235.000,-3227618.11,3799660.93,3998820.86,  -1475.36,  -1426.11,   -107.28,     -3.26,  13.17710,  10.49870,  21309.65
   236.000,-3229097.91,3798254.84,3998729.24,  -1478.32,  -1412.76,    -96.84,     -2.97,  13.34548,  10.44198,  21164.02
   237.000,-3230580.25,3796862.32,3998647.97,  -1481.00,  -1399.26,    -86.46,     -2.68,  13.49737,  10.38073,  21034.87
   238.000,-3232064.87,3795483.51,3998576.99,  -1483.41,  -1385.63,    -76.14,     -2.41,  13.63260,  10.31531,  20922.08
   239.000,-3233551.51,3794118.50,3998516.21,  -1485.56,  -1371.88,    -65.90,     -2.15,  13.75116,  10.24609,  20825.54
   240.000,-3235039.93,3792767.40,3998465.57,  -1487.47,  -1358.03,    -55.73,     -1.91,  13.85313,  10.17347,  20745.14
   241.000,-3236529.92,3791430.28,3998424.99,  -1489.15,  -1344.09,    -45.63,     -1.68,  13.93872,  10.09784,  20680.75
   242.000,-3238021.25,3790107.21,3998394.39,  -1490.61,  -1330.08,    -35.61,     -1.46,  14.00826,  10.01961,  20632.25
   243.000,-3239513.75,3788798.22,3998373.70,  -1491.87,  -1316.02,    -25.67,     -1.26,  14.06218,   9.93919,  20599.50
   244.000,-3241007.22,3787503.36,3998362.81,  -1492.94,  -1301.92,    -15.81,     -1.07,  14.10099,   9.85699,  20582.38
   245.000,-3242501.51,3786222.63,3998361.66,  -1493.84,  -1287.79,     -6.04,     -0.90,  14.12531,   9.77340,  20580.74
   246.000,-3244156.79,3785179.99,3998591.72,  -1601.47,  -1124.36,    151.36,   -107.63, 163.43587, 157.40011,  20947.14
   247.000,-3245743.42,3784058.14,3998737.74,  -1591.58,  -1122.68,    147.80,      9.89,   1.67289,  -3.56015,  21179.76
   248.000,-3247321.27,3782938.84,3998881.31,  -1582.42,  -1120.43,    144.98,      9.15,   2.25577,  -2.82103,  21408.48
   249.000,-3248890.36,3781821.57,3999022.12,  -1573.54,  -1118.32,    142.20,      8.89,   2.10446,  -2.78050,  21632.81
   250.000,-3250450.95,3780706.20,3999160.22,  -1564.91,  -1116.36,    139.46,      8.63,   1.96461,  -2.73945,  21852.81
   251.000,-3252003.28,3779592.59,3999295.63,  -1556.52,  -1114.53,    136.76,      8.39,   1.83258,  -2.70057,  22068.54
   252.000,-3253547.56,3778480.63,3999428.39,  -1548.36,  -1112.82,    134.10,      8.16,   1.70783,  -2.66372,  22280.06
   253.000,-3255084.00,3777370.19,3999558.54,  -1540.42,  -1111.23,    131.47,      7.94,   1.58987,  -2.62874,  22487.43
   254.000,-3256612.81,3776261.18,3999686.12,  -1532.68,  -1109.75,    128.87,      7.74,   1.47825,  -2.59551,  22690.68
   255.000,-3258134.17,3775153.49,3999811.14,  -1525.13,  -1108.38,    126.31,      7.54,   1.37254,  -2.56391,  22889.89
   256.000,-3259648.26,3774047.02,3999933.65,  -1517.77,  -1107.10,    123.77,      7.36,   1.27235,  -2.53384,  23085.08
   257.000,-3261155.25,3772941.69,4000053.67,  -1510.59,  -1105.93,    121.27,      7.18,   1.17734,  -2.50520,  23276.30
   258.000,-3262655.32,3771837.39,4000171.22,  -1503.57,  -1104.84,    118.79,      7.02,   1.08718,  -2.47789,  23463.61
   259.000,-3264148.60,3770734.05,4000286.33,  -1496.71,  -1103.84,    116.34,      6.86,   1.00155,  -2.45183,  23647.03
   260.000,-3265635.25,3769631.59,4000399.03,  -1490.00,  -1102.92,    113.91,      6.71,   0.92019,  -2.42694,  23826.60
   261.000,-3267115.40,3768529.94,4000509.34,  -1483.44,  -1102.08,    111.51,      6.56,   0.84284,  -2.40315,  24002.37
   262.000,-3268589.20,3767429.02,4000617.28,  -1477.01,  -1101.31,    109.13,      6.43,   0.76925,  -2.38040,  24174.37
   263.000,-3270056.77,3766328.76,4000722.87,  -1470.72,  -1100.61,    106.77,      6.30,   0.69920,  -2.35862,  24342.63
   264.000,-3271518.23,3765229.10,4000826.13,  -1464.55,  -1099.97,    104.43,      6.17,   0.63249,  -2.33775,  24507.19
   265.000,-3272973.70,3764129.98,4000927.09,  -1458.50,  -1099.41,    102.11,      6.05,   0.56892,  -2.31775,  24668.07
   266.000,-3274423.29,3763031.34,4001025.76,  -1452.56,  -1098.90,     99.82,      5.94,   0.50832,  -2.29856,  24825.31
   267.000,-3275867.11,3761933.12,4001122.15,  -1446.73,  -1098.45,     97.54,      5.83,   0.45051,  -2.28013,  24978.93
   268.000,-3277305.26,3760835.26,4001216.30,  -1441.01,  -1098.05,     95.27,      5.72,   0.39536,  -2.26243,  25128.96
   269.000,-3278737.83,3759737.73,4001308.20,  -1435.39,  -1097.71,     93.03,      5.62,   0.34270,  -2.24541,  25275.44
   270.000,-3280164.92,3758640.46,4001397.89,  -1429.86,  -1097.42,     90.80,      5.53,   0.29241,  -2.22904,  25418.38
   271.000,-3281586.63,3757543.41,4001485.37,  -1424.42,  -1097.17,     88.59,      5.43,   0.24437,  -2.21328,  25557.81
   272.000,-3283003.03,3756446.53,4001570.66,  -1419.08,  -1096.97,     86.39,      5.35,   0.19844,  -2.19810,  25693.75
   273.000,-3284414.22,3755349.79,4001653.77,  -1413.81,  -1096.82,     84.20,      5.26,   0.15454,  -2.18347,  25826.22
   274.000,-3285820.26,3754253.14,4001734.72,  -1408.63,  -1096.71,     82.04,      5.18,   0.11255,  -2.16935,  25955.26
   275.000,-3287221.24,3753156.54,4001813.52,  -1403.53,  -1096.63,     79.88,      5.10,   0.07237,  -2.15574,  26080.87
   276.000,-3288617.23,3752059.96,4001890.19,  -1398.50,  -1096.60,     77.74,      5.03,   0.03393,  -2.14259,  26203.08
   277.000,-3290008.30,3750963.36,4001964.73,  -1393.55,  -1096.60,     75.61,      4.96,  -0.00287,  -2.12988,  26321.92
   278.000,-3291394.52,3749866.70,4002037.16,  -1388.66,  -1096.64,     73.49,      4.89,  -0.03811,  -2.11760,  26437.39
   279.000,-3292775.95,3748769.95,4002107.49,  -1383.84,  -1096.71,     71.38,      4.82,  -0.07185,  -2.10573,  26549.51
   280.000,-3294152.66,3747673.08,4002175.73,  -1379.09,  -1096.82,     69.29,      4.76,  -0.10417,  -2.09424,  26658.32
   281.000,-3295524.70,3746576.06,4002241.90,  -1374.39,  -1096.95,     67.21,      4.69,  -0.13512,  -2.08311,  26763.81
   282.000,-3296892.14,3745478.86,4002305.99,  -1369.76,  -1097.12,     65.13,      4.63,  -0.16478,  -2.07233,  26866.02
   283.000,-3298255.03,3744381.45,4002368.03,  -1365.18,  -1097.31,     63.07,      4.58,  -0.19320,  -2.06188,  26964.95
   284.000,-3299613.43,3743283.81,4002428.03,  -1360.66,  -1097.53,     61.02,      4.52,  -0.22043,  -2.05175,  27060.63
   285.000,-3300967.39,3742185.91,4002485.99,  -1356.19,  -1097.78,     58.98,      4.47,  -0.24652,  -2.04192,  27153.06
   286.000,-3302316.95,3741087.73,4002541.92,  -1351.77,  -1098.05,     56.95,      4.42,  -0.27152,  -2.03238,  27242.26
   287.000,-3303662.17,3739989.24,4002595.83,  -1347.40,  -1098.34,     54.92,      4.37,  -0.29547,  -2.02312,  27328.25
   288.000,-3305003.09,3738890.41,4002647.73,  -1343.08,  -1098.66,     52.91,      4.32,  -0.31842,  -2.01412,  27411.04
   289.000,-3306339.77,3737791.24,4002697.63,  -1338.81,  -1099.00,     50.90,      4.27,  -0.34040,  -2.00537,  27490.65
   290.000,-3307672.23,3736691.70,4002745.54,  -1334.58,  -1099.36,     48.91,      4.23,  -0.36145,  -1.99686,  27567.08
   291.000,-3309000.53,3735591.76,4002791.46,  -1330.39,  -1099.75,     46.92,      4.19,  -0.38160,  -1.98858,  27640.36
   292.000,-3310324.70,3734491.41,4002835.41,  -1326.25,  -1100.15,     44.94,      4.15,  -0.40089,  -1.98052,  27710.48
   293.000,-3311644.79,3733390.64,4002877.39,  -1322.14,  -1100.57,     42.96,      4.11,  -0.41935,  -1.97267,  27777.48
   294.000,-3312960.83,3732289.41,4002917.40,  -1318.07,  -1101.00,     41.00,      4.07,  -0.43700,  -1.96503,  27841.35
   295.000,-3314272.86,3731187.73,4002955.47,  -1314.04,  -1101.46,     39.04,      4.03,  -0.45387,  -1.95758,  27902.11
   296.000,-3315580.91,3730085.57,4002991.58,  -1310.05,  -1101.93,     37.09,      3.99,  -0.46999,  -1.95031,  27959.77
   297.000,-3316885.02,3728982.91,4003025.76,  -1306.09,  -1102.41,     35.15,      3.96,  -0.48537,  -1.94322,  28014.35
   298.000,-3318185.23,3727879.75,4003058.01,  -1302.16,  -1102.91,     33.21,      3.93,  -0.50005,  -1.93630,  28065.85
   299.000,-3319481.55,3726776.07,4003088.32,  -1298.27,  -1103.43,     31.28,      3.89,  -0.51403,  -1.92954,  28114.28
   300.000,-3320774.03,3725671.85,4003116.72,  -1294.41,  -1103.95,     29.36,      3.86,  -0.52735,  -1.92294,  28159.65
   301.000,-3322062.69,3724567.09,4003143.21,  -1290.58,  -1104.49,     27.44,      3.83,  -0.54001,  -1.91649,  28201.98
   302.000,-3323347.56,3723461.76,4003167.78,  -1286.77,  -1105.05,     25.53,      3.80,  -0.55155,  -1.91019,  28241.28
   303.000,-3324628.67,3722355.88,4003190.46,  -1283.00,  -1105.61,     23.63,      3.78,  -0.56247,  -1.90403,  28277.55
   304.000,-3325906.04,3721249.41,4003211.24,  -1279.25,  -1106.18,     21.73,      3.75,  -0.57280,  -1.89800,  28310.80
   305.000,-3327179.70,3720142.35,4003230.14,  -1275.52,  -1106.76,     19.84,      3.72,  -0.58254,  -1.89209,  28341.04
   306.000,-3328449.67,3719034.70,4003247.15,  -1271.82,  -1107.35,     17.95,      3.70,  -0.59171,  -1.88630,  28368.29
   307.000,-3329715.98,3717926.45,4003262.28,  -1268.15,  -1107.96,     16.07,      3.68,  -0.60032,  -1.88062,  28392.55
   308.000,-3330978.65,3716817.58,4003275.54,  -1264.50,  -1108.56,     14.20,      3.65,  -0.60837,  -1.87505,  28413.82
   309.000,-3332237.70,3715708.09,4003286.93,  -1260.86,  -1109.18,     12.33,      3.63,  -0.61586,  -1.86958,  28432.13
   310.000,-3333493.15,3714597.98,4003296.46,  -1257.25,  -1109.80,     10.46,      3.61,  -0.62282,  -1.86421,  28447.47
   311.000,-3334745.02,3713487.23,4003304.14,  -1253.67,  -1110.43,      8.60,      3.59,  -0.62924,  -1.85893,  28459.85
   312.000,-3335993.33,3712375.85,4003309.96,  -1250.10,  -1111.07,      6.75,      3.57,  -0.63513,  -1.85374,  28469.29
   313.000,-3337238.10,3711263.82,4003313.94,  -1246.55,  -1111.71,      4.90,      3.55,  -0.64049,  -1.84863,  28475.80
   314.000,-3338479.35,3710151.15,4003316.07,  -1243.01,  -1112.35,      3.06,      3.53,  -0.64533,  -1.84361,  28479.37
   315.000,-3339717.09,3709037.82,4003316.37,  -1239.50,  -1113.00,      1.22,      3.52,  -0.64965,  -1.83866,  28480.01
   316.000,-3340951.34,3707923.84,4003314.84,  -1236.00,  -1113.66,     -0.61,      3.50,  -0.65345,  -1.83378,  28477.74
   317.000,-3342182.11,3706809.20,4003311.49,  -1232.51,  -1114.31,     -2.44,      3.48,  -0.65674,  -1.82897,  28472.57
   318.000,-3343409.42,3705693.89,4003306.31,  -1229.05,  -1114.97,     -4.27,      3.47,  -0.65950,  -1.82422,  28464.49
   319.000,-3344633.29,3704577.93,4003299.31,  -1225.59,  -1115.63,     -6.09,      3.45,  -0.66175,  -1.81954,  28453.52
   320.000,-3345831.42,3703437.25,4003264.02,  -1207.29,  -1132.33,    -25.55,     18.30, -16.69694, -19.46688,  28397.52
   321.000,-3347010.88,3702280.41,4003209.38,  -1188.74,  -1148.67,    -44.95,     18.55, -16.34179, -19.39199,  28310.71
   322.000,-3348171.37,3701107.73,4003135.43,  -1169.91,  -1164.67,    -64.28,     18.83, -16.00076, -19.33866,  28193.16
   323.000,-3349312.62,3699919.58,4003042.22,  -1150.80,  -1180.33,    -83.57,     19.11, -15.65239, -19.28369,  28044.96
   324.000,-3350434.33,3698716.31,4002929.81,  -1131.41,  -1195.62,   -102.79,     19.39, -15.29589, -19.22663,  27866.20
   325.000,-3351536.22,3697498.30,4002798.26,  -1111.73,  -1210.55,   -121.96,     19.68, -14.93039, -19.16697,  27656.98
   326.000,-3352618.00,3696265.91,4002647.65,  -1091.76,  -1225.11,   -141.07,     19.97, -14.55487, -19.10413,  27417.40
   327.000,-3353679.36,3695019.55,4002478.03,  -1071.49,  -1239.27,   -160.10,     20.27, -14.16820, -19.03750,  27147.56
   328.000,-3354720.00,3693759.63,4002289.47,  -1050.93,  -1253.04,   -179.07,     20.57, -13.76909, -18.96637,  26847.59
   329.000,-3355739.62,3692486.55,4002082.07,  -1030.05,  -1266.40,   -197.96,     20.87, -13.35610, -18.88997,  26517.62
   330.000,-3356737.90,3691200.76,4001855.90,  -1008.87,  -1279.33,   -216.77,     21.18, -12.92759, -18.80742,  26157.77
   331.000,-3357714.53,3689902.71,4001611.05,   -987.37,  -1291.81,   -235.48,     21.50, -12.48170, -18.71773,  25768.20
   332.000,-3358669.17,3688592.87,4001347.64,   -965.56,  -1303.83,   -254.10,     21.82, -12.01634, -18.61977,  25349.07
   333.000,-3359601.51,3687271.75,4001065.77,   -943.41,  -1315.35,   -272.62,     22.14, -11.52913, -18.51225,  24900.55
   334.000,-3360511.21,3685939.87,4000765.56,   -920.93,  -1326.37,   -291.01,     22.48, -11.01736, -18.39371,  24422.85
   335.000,-3361397.92,3684597.78,4000447.15,   -898.12,  -1336.85,   -309.27,     22.81, -10.47797, -18.26245,  23916.18
   336.000,-3362261.30,3683246.07,4000110.71,   -874.96,  -1346.76,   -327.39,     23.16,  -9.90747, -18.11654,  23380.79
   337.000,-3363101.01,3681885.36,3999756.39,   -851.46,  -1356.06,   -345.34,     23.51,  -9.30190, -17.95374,  22816.95
   338.000,-3363916.67,3680516.32,3999384.39,   -827.59,  -1364.72,   -363.11,     23.86,  -8.65676, -17.77151,  22224.97
   339.000,-3364707.92,3679139.65,3998994.92,   -803.36,  -1372.68,   -380.68,     24.23,  -7.96692, -17.56686,  21605.18
   340.000,-3365474.38,3677756.13,3998588.23,   -778.77,  -1379.91,   -398.02,     24.60,  -7.22659, -17.33641,  20957.98
   341.000,-3366215.69,3676366.57,3998164.60,   -753.79,  -1386.34,   -415.09,     24.97,  -6.42919, -17.07622,  20283.81
   342.000,-3366931.45,3674971.88,3997724.34,   -728.44,  -1391.91,   -431.88,     25.36,  -5.56726, -16.78179,  19583.15
   343.000,-3367621.25,3673573.06,3997267.80,   -702.68,  -1396.52,   -448.32,     25.76,  -4.60997, -16.44095,  18856.60
   344.000,-3368284.67,3672171.23,3996795.41,   -676.51,  -1400.06,   -464.36,     26.17,  -3.54643, -16.04616,  18104.81
   345.000,-3368921.28,3670767.60,3996307.66,   -649.91,  -1402.44,   -479.96,     26.60,  -2.37780, -15.59350,  17328.56
   346.000,-3369530.64,3669363.52,3995805.09,   -622.88,  -1403.53,   -495.03,     27.03,  -1.09014, -15.07407,  16528.73
   347.000,-3370112.34,3667960.49,3995288.34,   -595.42,  -1403.20,   -509.51,     27.46,   0.33184, -14.47768,  15706.33
   348.000,-3370665.92,3666560.15,3994758.15,   -567.53,  -1401.29,   -523.30,     27.89,   1.90464, -13.79292,  14862.51
   349.000,-3371190.97,3665164.32,3994215.33,   -539.21,  -1397.65,   -536.31,     28.32,   3.64556, -13.00722,  13998.61
   350.000,-3371687.07,3663775.03,3993660.86,   -510.47,  -1392.08,   -548.42,     28.74,   5.57212, -12.10706,  13116.15
   351.000,-3372153.82,3662394.51,3993095.83,   -481.32,  -1384.38,   -559.49,     29.15,   7.70120, -11.07823,  12216.87
   352.000,-3372590.86,3661025.20,3992521.48,   -451.80,  -1374.33,   -569.40,     29.52,  10.04763,  -9.90648,  11302.75
   353.000,-3372997.88,3659669.81,3991939.21,   -421.95,  -1361.71,   -577.98,     29.86,  12.62242,  -8.57834,  10376.03
   354.000,-3373374.82,3658330.60,3991350.33,   -391.94,  -1346.71,   -585.25,     30.00,  14.99431,  -7.26747,   9438.78
   355.000,-3373721.77,3657009.74,3990756.15,   -361.95,  -1329.47,   -591.20,     30.00,  17.23621,  -5.95340,   8493.10
   356.000,-3374038.87,3655709.53,3990158.10,   -332.05,  -1309.96,   -595.77,     29.90,  19.51242,  -4.56734,   7541.25
   357.000,-3374326.38,3654432.27,3989557.66,   -302.35,  -1288.16,   -598.88,     29.69,  21.80243,  -3.11553,   6585.58
   358.000,-3374584.67,3653180.24,3988956.37,   -272.98,  -1264.08,   -600.49,     29.37,  24.08089,  -1.60872,   5628.55
   359.000,-3374814.24,3651955.64,3988355.79,   -244.04,  -1237.76,   -600.55,     28.94,  26.32009,  -0.05994,   4672.66
   360.000,-3375015.72,3650760.61,3987757.51,   -215.67,  -1209.27,   -599.04,     28.38,  28.49043,   1.51558,   3720.42
   361.000,-3375189.86,3649597.19,3987163.13,   -187.98,  -1178.71,   -595.93,     27.69,  30.56112,   3.10060,   2774.38
   362.000,-3375337.47,3648467.55,3986574.36,   -161.07,  -1146.00,   -591.15,     26.91,  32.71108,   4.78250,   1837.29
   363.000,-3375459.53,3647373.64,3985992.90,   -135.06,  -1111.27,   -584.69,     26.00,  34.72814,   6.45771,    911.80
   364.000,-3375557.15,3646317.16,3985420.31,   -110.10,  -1074.74,   -576.62,     24.96,  36.52314,   8.07370,      0.45
   365.000,-3375631.55,3645299.50,3984858.09,    -86.30,  -1036.69,   -567.02,     23.81,  38.05569,   9.60054,   -894.41
